{"Epoch": 7, "Learning Rate": 0.0007938926261462366, "_timestamp": 1684152979.5124958, "_runtime": 82.38979864120483, "_step": 13, "Train Accuracy": 95.06392669677734, "Val Accuracy": 96.45389556884766, "Train Loss": 0.17841221392154694, "Val Loss": 0.06239395961165428}